{"cameraMode":{"drawMode":0,"name":"Shaded","section":"Shading Mode"},"sceneLighting":true,"audioPlay":false,"sceneViewState":{"showFog":true,"showMaterialUpdate":false,"showSkybox":true,"showFlares":true,"showImageEffects":true,"showParticleSystems":true},"in2DMode":false,"pivot":{"x":-3.263850212097168,"y":2.3941240310668947,"z":0.38399362564086916},"rotation":{"x":-0.07148585468530655,"y":-0.3526434302330017,"z":0.027029966935515405,"w":-0.9326316714286804},"size":9.876823425292969,"orthographic":false}